City_ID,City,Lat,Lng,Max Temp,Humidity,Cloudiness,Wind Speed,Country,Date
0,albany,42.6001,-73.9662,280.34,59,56,1.92,US,2023-11-10
1,bamboo flat,11.7,92.7167,298.2,94,40,0.0,IN,2023-11-10
2,adamstown,-25.066,-130.1015,295.97,79,1,5.49,PN,2023-11-10
3,sassandra,4.95,-6.0833,298.05,91,90,2.87,CI,2023-11-10
4,igarka,67.4667,86.5833,266.91,95,100,7.47,RU,2023-11-10
5,bilibino,68.0546,166.4372,245.29,100,96,1.11,RU,2023-11-10
6,bredasdorp,-34.5322,20.0403,291.12,76,87,2.61,ZA,2023-11-10
7,ancud,-41.8697,-73.8203,284.11,76,91,10.78,CL,2023-11-10
8,newman,37.3138,-121.0208,292.83,34,21,2.24,US,2023-11-10
9,isafjordur,66.0755,-23.124,274.37,82,98,2.29,IS,2023-11-10
10,hirara,24.8,125.2833,298.3,83,40,7.2,JP,2023-11-10
11,karratha,-20.7377,116.8463,298.56,43,1,6.35,AU,2023-11-10
12,olonkinbyen,70.9221,-8.7187,272.68,83,100,3.69,SJ,2023-11-10
13,petropavlovsk-kamchatsky,53.0452,158.6483,273.4,98,75,1.79,RU,2023-11-10
14,rongelap,11.1635,166.8941,300.99,80,100,8.83,MH,2023-11-10
15,cabo san lucas,22.8909,-109.9124,302.31,61,20,1.54,MX,2023-11-10
16,aasiaat,68.7098,-52.8699,265.36,91,99,2.32,GL,2023-11-10
17,port mathurin,-19.6833,63.4167,297.91,78,7,4.46,MU,2023-11-10
18,avarua,-21.2078,-159.775,300.18,83,75,4.12,CK,2023-11-10
19,edinburgh of the seven seas,-37.0676,-12.3116,287.93,91,99,10.35,SH,2023-11-10
20,n'dalatando,-9.2978,14.9116,293.36,99,100,1.22,AO,2023-11-10
21,kol'chugino,56.3,39.3833,276.43,92,99,3.55,RU,2023-11-10
22,waitangi,-43.9535,-176.5597,283.23,74,97,10.54,NZ,2023-11-10
23,port elizabeth,-33.918,25.5701,292.21,86,0,10.29,ZA,2023-11-10
24,vernon,50.2581,-119.2691,281.82,65,53,1.03,CA,2023-11-10
25,ust-nera,64.5667,143.2,241.07,97,55,1.51,RU,2023-11-10
26,camamu,-13.9447,-39.1039,296.38,92,2,2.27,BR,2023-11-10
27,puerto aysen,-45.4,-72.7,281.63,99,100,1.84,CL,2023-11-10
28,kodiak,57.79,-152.4072,274.88,51,20,8.75,US,2023-11-10
29,kangaba,11.9333,-8.4167,299.71,26,97,0.4,ML,2023-11-10
30,likisa,-8.6695,125.6875,296.3,38,63,1.0,TL,2023-11-10
31,ribeira grande,38.5167,-28.7,293.02,95,100,5.81,PT,2023-11-10
32,hawaiian paradise park,19.5933,-154.9731,299.43,78,100,7.2,US,2023-11-10
33,sirjan,29.452,55.6814,286.49,28,13,1.31,IR,2023-11-10
34,brookings,44.3114,-96.7984,275.1,76,100,2.06,US,2023-11-10
35,iqaluit,63.7506,-68.5145,266.0,68,100,2.57,CA,2023-11-10
36,dudinka,69.4058,86.1778,266.86,95,100,8.49,RU,2023-11-10
37,thompson,55.7435,-97.8558,272.24,86,100,3.6,CA,2023-11-10
38,afaahiti,-17.75,-149.2833,302.08,84,98,4.75,PF,2023-11-10
39,songjianghe,42.1859,127.479,259.33,86,26,1.44,CN,2023-11-10
40,sao joao da barra,-21.6403,-41.0511,297.2,89,0,0.92,BR,2023-11-10
41,port-aux-francais,-49.35,70.2167,279.28,96,100,12.47,TF,2023-11-10
42,nar'yan-mar,67.6713,53.087,264.32,93,72,3.13,RU,2023-11-10
43,enewetak,11.3474,162.3373,301.76,75,100,8.2,MH,2023-11-10
44,ta`u,-14.2336,-169.5144,300.68,81,17,2.68,AS,2023-11-10
45,timimoun,29.2639,0.231,291.36,42,0,4.12,DZ,2023-11-10
46,guane,22.2025,-84.0875,300.11,75,16,2.39,CU,2023-11-10
47,novodvinsk,64.4165,40.8122,273.59,98,100,3.38,RU,2023-11-10
48,carnarvon,-24.8667,113.6333,294.45,68,100,8.72,AU,2023-11-10
49,homer,59.6425,-151.5483,274.01,77,100,0.0,US,2023-11-10
50,ushuaia,-54.8,-68.3,281.96,71,0,2.06,AR,2023-11-10
51,bikenibeu village,1.3673,173.1241,303.13,79,75,3.09,KI,2023-11-10
52,tabas,33.5959,56.9244,289.66,32,8,0.61,IR,2023-11-10
53,makar'yev,57.8797,43.8069,273.51,86,36,1.83,RU,2023-11-10
54,qamdo,31.1667,97.2333,270.02,57,83,1.8,CN,2023-11-10
55,general conesa,-40.1,-64.4333,292.4,68,100,13.66,AR,2023-11-10
56,st ives,50.2086,-5.4875,281.81,71,97,7.31,GB,2023-11-10
57,sechura,-5.5569,-80.8222,296.18,63,16,7.3,PE,2023-11-10
58,cold lake,54.4502,-110.2017,273.12,80,75,4.63,CA,2023-11-10
59,beloyarskiy,63.7119,66.6722,271.48,97,100,1.34,RU,2023-11-10
60,yellowknife,62.456,-114.3525,276.16,98,75,3.6,CA,2023-11-10
61,grytviken,-54.2811,-36.5092,275.44,85,68,5.15,GS,2023-11-10
62,boca do acre,-8.7522,-67.3978,302.05,57,23,0.93,BR,2023-11-10
63,puerto natales,-51.7236,-72.4875,279.8,89,100,2.75,CL,2023-11-10
64,hamilton,39.1834,-84.5333,285.42,42,0,5.81,US,2023-11-10
65,la sarre,48.8002,-79.1996,269.81,93,100,3.47,CA,2023-11-10
66,itoman,26.1247,127.6694,297.16,88,75,7.2,JP,2023-11-10
67,jamestown,42.097,-79.2353,280.35,79,20,3.6,US,2023-11-10
68,yichang,30.7144,111.2847,281.73,69,100,1.07,CN,2023-11-10
69,ulladulla,-35.35,150.4667,303.02,51,16,4.29,AU,2023-11-10
70,lihue,21.9789,-159.3672,299.89,73,75,6.17,US,2023-11-10
71,acapulco de juarez,16.8634,-99.8901,301.95,77,26,2.14,MX,2023-11-10
72,tahe,52.3333,124.7333,259.86,68,12,2.29,CN,2023-11-10
73,san luis de la loma,17.2706,-100.8939,301.44,80,99,1.54,MX,2023-11-10
74,bethel,41.3712,-73.414,279.11,68,0,1.54,US,2023-11-10
75,blackmans bay,-43.0167,147.3167,289.09,76,64,0.89,AU,2023-11-10
76,udachny,66.4167,112.4,262.95,72,82,4.26,RU,2023-11-10
77,puerto ayora,-0.7393,-90.3518,297.9,93,60,4.02,EC,2023-11-10
78,hithadhoo,-0.6,73.0833,300.04,84,97,6.09,MV,2023-11-10
79,christchurch,-43.5333,172.6333,289.25,67,0,6.69,NZ,2023-11-10
80,mombaca,-5.7431,-39.6275,302.12,41,0,5.29,BR,2023-11-10
81,mangrol,21.1167,70.1167,299.71,63,21,4.42,IN,2023-11-10
82,tazovsky,67.4667,78.7,262.71,96,31,3.74,RU,2023-11-10
83,greymouth,-42.4667,171.2,288.29,62,2,2.83,NZ,2023-11-10
84,al ghayzah,16.2079,52.176,300.04,71,34,1.95,YE,2023-11-10
85,coquimbo,-29.9533,-71.3436,290.0,82,20,4.12,CL,2023-11-10
86,berezovo,63.9381,65.0419,272.59,98,100,2.51,RU,2023-11-10
87,constantia,44.1833,28.65,286.53,78,100,5.52,RO,2023-11-10
88,flying fish cove,-10.4217,105.6791,297.97,83,100,3.6,CX,2023-11-10
89,west island,-12.1568,96.8225,299.14,83,40,6.17,CC,2023-11-10
90,landeck,47.1301,10.5636,274.82,94,100,2.18,AT,2023-11-10
91,ilulissat,69.2167,-51.1,267.16,58,100,6.17,GL,2023-11-10
92,galle,6.0367,80.217,298.46,86,39,1.04,LK,2023-11-10
93,swakopmund,-22.6833,14.5333,288.7,86,62,1.1,NA,2023-11-10
94,hermanus,-34.4187,19.2345,290.6,81,87,2.38,ZA,2023-11-10
95,kununurra,-15.7667,128.7333,302.14,74,100,3.09,AU,2023-11-10
96,potosi,-19.5836,-65.7531,286.35,37,60,5.68,BO,2023-11-10
97,kamaishi,39.2667,141.8833,279.56,59,30,7.02,JP,2023-11-10
98,panaba,21.2833,-88.2667,299.16,85,66,5.52,MX,2023-11-10
99,invercargill,-46.4,168.35,290.42,34,0,1.31,NZ,2023-11-10
100,arraial do cabo,-22.9661,-42.0278,296.07,94,20,1.54,BR,2023-11-10
101,bandarbeyla,9.4942,50.8122,299.72,86,97,7.42,SO,2023-11-10
102,branson,36.6437,-93.2185,286.53,35,0,3.6,US,2023-11-10
103,nagqu,31.5,92.0,267.63,79,98,1.65,CN,2023-11-10
104,la passe,45.5549,-0.8967,282.28,74,72,4.0,FR,2023-11-10
105,batamshinskiy,50.5594,58.2747,277.61,76,100,4.52,KZ,2023-11-10
106,wailua homesteads,22.0669,-159.378,299.14,79,75,6.17,US,2023-11-10
107,prieska,-29.6641,22.7474,301.14,11,44,2.57,ZA,2023-11-10
108,melfort,52.8667,-104.6177,269.22,86,6,5.14,CA,2023-11-10
109,uturoa,-16.7333,-151.4333,300.09,80,99,5.3,PF,2023-11-10
110,punta arenas,-53.15,-70.9167,284.21,58,75,8.23,CL,2023-11-10
111,tual,-5.6667,132.75,300.88,78,64,4.25,ID,2023-11-10
112,vorgashor,67.5833,63.95,257.26,100,81,1.54,RU,2023-11-10
113,gadzhiyevo,69.2551,33.3362,264.61,95,34,3.5,RU,2023-11-10
114,helena valley west central,46.6629,-112.0604,279.36,53,40,5.66,US,2023-11-10
115,college,64.8569,-147.8028,265.72,86,100,1.54,US,2023-11-10
116,nakamura,32.9833,132.9333,286.71,87,81,2.15,JP,2023-11-10
117,ponta delgada,37.7333,-25.6667,294.55,88,75,7.2,PT,2023-11-10
118,whitehorse,60.7161,-135.0538,273.45,86,100,2.57,CA,2023-11-10
119,polyarnyy,69.1989,33.4478,265.16,93,27,3.64,RU,2023-11-10
120,tura,25.5198,90.2201,290.43,92,0,1.73,IN,2023-11-10
121,rawson,-43.3002,-65.1023,298.05,17,90,3.08,AR,2023-11-10
122,margaret river,-33.95,115.0667,286.54,74,6,5.77,AU,2023-11-10
123,alaghsas,17.0187,8.0168,299.39,16,100,4.72,NE,2023-11-10
124,hadibu,12.65,54.0333,299.89,81,92,5.33,YE,2023-11-10
125,durban,-29.8579,31.0292,292.66,92,8,5.73,ZA,2023-11-10
126,lata,40.1629,-8.3327,290.33,98,100,2.98,PT,2023-11-10
127,stanley,54.868,-1.6985,275.21,93,0,2.06,GB,2023-11-10
128,longyearbyen,78.2186,15.6401,263.06,73,75,3.09,SJ,2023-11-10
129,luderitz,-26.6481,15.1594,289.8,87,85,3.42,NA,2023-11-10
130,saint-pierre,-21.3393,55.4781,297.97,73,75,1.54,RE,2023-11-10
131,morant bay,17.8815,-76.4093,303.94,83,20,5.09,JM,2023-11-10
132,la'ie,21.6477,-157.9253,300.59,77,64,2.24,US,2023-11-10
133,east london,-33.0153,27.9116,293.02,90,34,5.89,ZA,2023-11-10
134,nago,26.5881,127.9761,297.39,74,66,5.91,JP,2023-11-10
135,miri,4.4148,114.0089,298.23,94,40,0.51,MY,2023-11-10
136,hobyo,5.3505,48.5268,297.73,92,100,5.08,SO,2023-11-10
137,swift current,50.2834,-107.8014,272.6,86,0,5.14,CA,2023-11-10
138,zaozersk,69.4005,32.4476,263.28,96,46,2.67,RU,2023-11-10
139,georgetown,5.4112,100.3354,298.9,95,20,1.54,MY,2023-11-10
140,high river,50.5834,-113.8687,279.51,38,90,1.71,CA,2023-11-10
141,thunder bay,48.4001,-89.3168,273.1,74,100,2.57,CA,2023-11-10
142,banda aceh,5.5577,95.3222,299.06,85,100,4.18,ID,2023-11-10
143,boguchany,58.3814,97.4531,259.74,96,13,1.34,RU,2023-11-10
144,howard springs,-12.497,131.047,302.96,75,4,1.8,AU,2023-11-10
145,sarangani,5.4033,125.4636,302.0,75,99,7.19,PH,2023-11-10
146,haiku-pauwela,20.9219,-156.3051,301.43,58,40,6.69,US,2023-11-10
147,anadyr,64.75,177.4833,258.43,85,75,5.0,RU,2023-11-10
148,manicore,-5.8092,-61.3003,304.21,45,80,1.52,BR,2023-11-10
149,malango,-2.9627,119.9001,294.06,94,91,0.65,ID,2023-11-10
150,badger,64.8,-147.5333,265.18,86,100,1.54,US,2023-11-10
151,san antonio del tachira,7.8145,-72.4431,302.25,54,40,2.06,VE,2023-11-10
152,narvik,68.4384,17.4272,269.96,96,14,3.02,NO,2023-11-10
153,saint-philippe,-21.3585,55.7679,297.92,84,54,1.2,RE,2023-11-10
154,yemetsk,63.4721,41.7941,274.17,95,100,3.59,RU,2023-11-10
155,mejit,10.2753,170.8646,300.97,84,100,9.44,MH,2023-11-10
156,sungai raya,0.7,108.9,298.57,88,100,1.56,ID,2023-11-10
157,katsina-ala,7.1667,9.2833,298.33,84,92,3.89,NG,2023-11-10
158,pisco,-13.7,-76.2167,293.18,77,0,8.75,PE,2023-11-10
159,iskateley,67.6803,53.1512,264.27,93,72,3.13,RU,2023-11-10
160,kokshetau,53.2775,69.3883,274.56,89,17,3.1,KZ,2023-11-10
161,akkol',48.7833,53.2,280.42,75,100,7.88,KZ,2023-11-10
162,port moresby,-9.4431,147.1797,299.46,70,100,2.13,PG,2023-11-10
163,kingston,17.997,-76.7936,302.56,73,20,8.23,JM,2023-11-10
164,lebu,-37.6167,-73.65,284.64,82,79,8.8,CL,2023-11-10
165,geraldton,-28.7667,114.6,292.38,42,40,7.72,AU,2023-11-10
166,papatowai,-46.5619,169.4708,290.18,37,0,1.03,NZ,2023-11-10
167,salekhard,66.53,66.6019,261.15,94,83,1.34,RU,2023-11-10
168,soe,-9.8607,124.284,298.12,44,3,0.47,ID,2023-11-10
169,mount pearl,47.5166,-52.7813,275.58,89,100,10.29,CA,2023-11-10
170,labytnangi,66.6572,66.4183,261.75,91,81,1.89,RU,2023-11-10
171,klyuchi,52.2667,79.1667,276.8,88,92,4.52,RU,2023-11-10
172,saint-joseph,-21.3667,55.6167,297.36,82,55,0.42,RE,2023-11-10
173,lamu,-2.2717,40.902,297.27,84,98,2.14,KE,2023-11-10
174,salalah,17.0151,54.0924,299.2,94,20,0.51,OM,2023-11-10
175,tobruk,32.0836,23.9764,294.19,71,79,2.71,LY,2023-11-10
176,villa gesell,-37.2639,-56.973,286.75,88,100,8.95,AR,2023-11-10
177,qaqortoq,60.7167,-46.0333,265.75,60,79,4.75,GL,2023-11-10
178,greenwood,34.1668,-82.1165,289.7,61,20,0.0,US,2023-11-10
179,utrik,11.2278,169.8474,300.66,84,100,9.33,MH,2023-11-10
180,saipan,15.1355,145.701,303.54,70,40,9.26,MP,2023-11-10
181,susuman,62.7833,148.1667,243.74,99,86,0.41,RU,2023-11-10
182,happy valley-goose bay,53.3168,-60.3315,271.32,74,75,3.6,CA,2023-11-10
183,guerrero negro,27.9769,-114.0611,296.98,33,0,5.97,MX,2023-11-10
184,raja,8.4596,25.678,295.53,86,80,1.46,SS,2023-11-10
185,santa isabel,-23.3156,-46.2214,294.74,95,87,1.3,BR,2023-11-10
186,buka,40.8108,69.1986,283.17,37,94,0.18,UZ,2023-11-10
187,san patricio,28.017,-97.5169,288.78,92,100,4.12,US,2023-11-10
188,nova sintra,14.8667,-24.7167,295.74,69,82,3.84,CV,2023-11-10
189,sidareja,-7.4846,108.7923,297.66,86,29,0.54,ID,2023-11-10
190,manta,-0.95,-80.7333,299.03,69,75,7.72,EC,2023-11-10
191,kill devil hills,36.0307,-75.676,286.42,72,100,7.2,US,2023-11-10
192,pajapan,18.25,-94.7,298.24,84,10,3.39,MX,2023-11-10
193,kingscliff,-28.2667,153.5667,296.46,68,40,1.54,AU,2023-11-10
194,raduzhny,62.0961,77.475,263.76,97,99,1.52,RU,2023-11-10
195,dalby,-27.1833,151.2667,296.68,50,0,1.89,AU,2023-11-10
196,chegdomyn,51.1167,133.0167,258.66,96,77,0.16,RU,2023-11-10
197,ghazni,33.5536,68.4269,278.16,25,1,0.93,AF,2023-11-10
198,kusatsu,35.0167,135.9667,286.34,71,91,5.62,JP,2023-11-10
199,mirnyy,62.5353,113.9611,263.84,72,51,4.92,RU,2023-11-10
200,lorengau,-2.0226,147.2712,301.14,83,98,3.61,PG,2023-11-10
201,fortuna,40.5982,-124.1573,286.2,92,100,4.12,US,2023-11-10
202,shimoda,34.6667,138.95,287.65,72,83,7.15,JP,2023-11-10
203,atafu village,-8.5421,-172.5159,302.29,73,29,5.22,TK,2023-11-10
204,benton,36.3334,-94.3335,286.5,34,0,2.57,US,2023-11-10
205,kristiansund,63.1115,7.732,276.51,70,97,8.23,NO,2023-11-10
206,selebi-phikwe,-21.979,27.8498,293.98,62,0,5.63,BW,2023-11-10
207,kirkland lake,48.1446,-80.0377,270.31,93,100,1.54,CA,2023-11-10
208,goderich,43.7501,-81.7165,280.32,61,72,5.66,CA,2023-11-10
209,zhaotong,27.3167,103.7167,283.32,84,85,0.08,CN,2023-11-10
210,nogliki,51.8333,143.1667,269.45,82,100,8.94,RU,2023-11-10
211,dexter,36.7959,-89.9579,288.06,40,17,3.26,US,2023-11-10
212,kizner,56.2749,51.508,275.7,96,100,5.4,RU,2023-11-10
213,sampit,-2.5333,112.95,297.34,96,96,0.44,ID,2023-11-10
214,taoudenni,22.6783,-3.9836,298.25,15,0,3.59,ML,2023-11-10
215,northam,51.0333,-4.2167,283.0,86,32,6.78,GB,2023-11-10
216,piggs peak,-25.9667,31.25,287.43,94,0,1.25,SZ,2023-11-10
217,gali,42.6265,41.7381,282.65,39,1,3.55,GE,2023-11-10
218,tsiombe,-25.3,45.4833,293.82,62,89,3.65,MG,2023-11-10
219,porto seguro,-16.4497,-39.0647,298.44,83,0,5.14,BR,2023-11-10
220,luba,3.4568,8.5547,296.09,83,100,0.84,GQ,2023-11-10
221,arkhangel'sk,64.5401,40.5433,273.78,98,100,3.28,RU,2023-11-10
222,el kala,36.8956,8.4433,290.38,74,26,6.05,DZ,2023-11-10
223,okha,53.5739,142.9478,268.48,79,100,5.99,RU,2023-11-10
224,sept-iles,50.2001,-66.3821,273.39,91,75,2.06,CA,2023-11-10
225,sittwe,20.15,92.9,295.12,82,11,2.74,MM,2023-11-10
226,sibenik,43.7272,15.9058,287.25,80,100,2.24,HR,2023-11-10
227,corinto,37.9407,22.9573,287.53,85,72,1.5,GR,2023-11-10
228,st. john's,47.5649,-52.7093,276.03,89,100,10.29,CA,2023-11-10
229,barra velha,-26.6322,-48.6847,295.1,95,90,1.53,BR,2023-11-10
230,gurupi,-11.7292,-49.0686,302.65,38,56,2.42,BR,2023-11-10
231,prado,-17.3411,-39.2208,298.23,83,1,5.55,BR,2023-11-10
232,lagos,6.5833,3.75,300.33,90,97,2.31,NG,2023-11-10
233,telemaco borba,-24.3239,-50.6156,293.76,97,97,1.17,BR,2023-11-10
234,batroun,34.2553,35.6581,292.34,82,69,3.07,LB,2023-11-10
235,iskushuban,10.2837,50.23,298.52,78,99,4.24,SO,2023-11-10
236,al jawf,29.5,38.75,295.38,36,39,3.42,SA,2023-11-10
237,mount isa,-20.7333,139.5,304.02,42,100,3.6,AU,2023-11-10
238,prattville,32.464,-86.4597,291.95,93,100,3.09,US,2023-11-10
239,mata-utu,-13.2816,-176.1745,301.6,78,99,6.07,WF,2023-11-10
240,montmagny,48.9734,2.3469,280.41,90,75,4.63,FR,2023-11-10
241,grand falls-windsor,48.9332,-55.6649,273.99,92,100,5.1,CA,2023-11-10
242,mhamid,29.82,-5.72,295.13,23,13,1.81,MA,2023-11-10
243,stare mesto,50.087,14.4202,276.92,91,0,3.6,CZ,2023-11-10
244,demopolis,32.5176,-87.8364,288.12,94,100,3.6,US,2023-11-10
245,chopinzinho,-25.8558,-52.5233,295.45,90,70,2.09,BR,2023-11-10
246,tinajo,29.0788,-13.7081,293.64,83,20,8.23,ES,2023-11-10
247,cam ranh,11.9214,109.1591,299.13,94,40,1.03,VN,2023-11-10
248,leirvik,59.7798,5.5005,277.39,69,100,0.36,NO,2023-11-10
249,fredericton,45.9454,-66.6656,273.93,85,20,3.09,CA,2023-11-10
250,howrah,22.5892,88.3103,295.15,83,7,1.54,IN,2023-11-10
251,port alfred,-33.5906,26.891,292.6,88,26,3.25,ZA,2023-11-10
252,pizarro,4.9533,-77.366,298.97,91,100,3.54,CO,2023-11-10
253,sturgeon bay,44.8342,-87.377,278.35,70,100,3.09,US,2023-11-10
254,kas,36.2018,29.6377,292.6,66,60,1.11,TR,2023-11-10
255,dunedin,-45.8742,170.5036,288.6,64,0,3.58,NZ,2023-11-10
256,nampula,-15.1165,39.2666,296.12,88,75,4.12,MZ,2023-11-10
257,labrador city,52.9463,-66.9114,266.1,86,100,0.0,CA,2023-11-10
258,kusa,55.3383,59.4406,276.8,98,100,1.45,RU,2023-11-10
259,kilindoni,-7.9139,39.6668,299.9,84,88,5.31,TZ,2023-11-10
260,holualoa,19.6228,-155.9522,300.0,68,40,5.14,US,2023-11-10
261,coahuayana de hidalgo,18.7,-103.6583,301.86,72,94,1.42,MX,2023-11-10
262,illizi,26.4833,8.4667,293.04,17,1,1.08,DZ,2023-11-10
263,new norfolk,-42.7826,147.0587,289.68,65,72,4.21,AU,2023-11-10
264,weno,7.4515,151.8468,303.12,84,100,5.66,FM,2023-11-10
265,banda,25.4833,80.3333,295.68,46,32,1.82,IN,2023-11-10
266,carai,-17.1889,-41.6947,295.34,42,6,2.14,BR,2023-11-10
267,ust'-ilimsk,58.0006,102.6619,257.72,95,9,1.34,RU,2023-11-10
268,andratx,39.5755,2.4202,285.4,69,2,4.63,ES,2023-11-10
269,winnemucca,40.973,-117.7357,286.18,24,100,2.06,US,2023-11-10
270,talnakh,69.4865,88.3972,266.6,95,100,5.7,RU,2023-11-10
271,parnarama,-5.6817,-43.0933,305.4,30,50,0.67,BR,2023-11-10
272,shizunai-furukawacho,42.3339,142.3669,276.38,68,95,12.61,JP,2023-11-10
273,kruisfontein,-34.0033,24.7314,289.77,86,4,6.46,ZA,2023-11-10
274,kandla,23.0333,70.2167,300.75,45,0,4.95,IN,2023-11-10
275,leava,-14.3,-178.1667,299.94,85,100,3.38,WF,2023-11-10
276,grantsville,40.5999,-112.4644,281.04,54,40,1.79,US,2023-11-10
277,mar del plata,-38.0023,-57.5575,288.88,90,75,11.18,AR,2023-11-10
278,south bradenton,27.4631,-82.5818,298.75,68,0,2.06,US,2023-11-10
279,massaguet,12.4755,15.4365,302.38,23,85,3.43,TD,2023-11-10
280,petatlan,17.5167,-101.2667,305.04,73,46,1.16,MX,2023-11-10
281,bereznik,62.8551,42.7072,273.52,89,100,3.52,RU,2023-11-10
282,tobelo,1.7284,128.0095,301.07,74,87,0.25,ID,2023-11-10
283,beroroha,-21.6667,45.1667,297.17,59,0,1.64,MG,2023-11-10
284,angaur state,6.906,134.13,301.76,77,100,4.16,PW,2023-11-10
285,vilyuchinsk,52.9306,158.4028,274.22,98,100,1.16,RU,2023-11-10
286,smidovich,48.6,133.8167,258.7,92,54,3.2,RU,2023-11-10
287,nhamunda,-2.1861,-56.7131,303.13,46,4,1.34,BR,2023-11-10
288,karasburg,-28.0167,18.75,293.94,35,100,7.03,NA,2023-11-10
289,pass christian,30.3158,-89.2475,295.56,83,75,4.12,US,2023-11-10
290,gaiman,-43.2897,-65.4929,300.29,9,96,3.58,AR,2023-11-10
291,sola,-13.8833,167.55,299.41,85,88,11.86,VU,2023-11-10
292,houlton,46.1262,-67.8403,275.92,75,100,2.06,US,2023-11-10
293,cheremushki,52.8356,91.3944,263.58,94,23,2.18,RU,2023-11-10
294,levuka,50.1834,-105.4011,271.49,86,20,3.6,CA,2023-11-10
295,tangalle,6.024,80.7911,297.65,90,37,1.85,LK,2023-11-10
296,sarmiento,-45.5882,-69.07,290.79,27,65,11.0,AR,2023-11-10
297,palmer,42.1584,-72.3287,276.96,73,40,1.54,US,2023-11-10
298,ban tak,17.0432,99.0813,296.32,94,100,0.94,TH,2023-11-10
299,sao miguel do araguaia,-13.275,-50.1628,303.29,37,41,2.42,BR,2023-11-10
300,jinchang,38.4953,102.1739,269.81,44,0,1.24,CN,2023-11-10
301,ayr,55.4627,-4.6339,278.76,87,20,3.6,GB,2023-11-10
302,port lincoln,-34.7333,135.8667,289.03,66,52,7.94,AU,2023-11-10
303,castillos,-34.1667,-53.8333,288.53,89,100,8.22,UY,2023-11-10
304,sona,45.4388,10.8255,280.78,90,0,6.69,IT,2023-11-10
305,cobija,-11.0267,-68.7692,302.25,74,75,0.0,BO,2023-11-10
306,lubang,13.8584,120.124,301.18,77,76,7.75,PH,2023-11-10
307,guercif,34.2257,-3.3536,290.46,70,25,3.59,MA,2023-11-10
308,puerto baquerizo moreno,-0.9,-89.6,297.57,82,63,5.66,EC,2023-11-10
309,rani,25.3503,73.3089,292.67,30,0,1.09,IN,2023-11-10
310,visby,57.6409,18.296,279.27,93,40,3.09,SE,2023-11-10
311,rio preto da eva,-2.6994,-59.6997,303.84,45,53,0.6,BR,2023-11-10
312,ibeto,10.4854,5.145,298.95,28,89,1.41,NG,2023-11-10
313,jwaneng,-24.6004,24.7303,297.09,43,8,6.79,BW,2023-11-10
314,la oroya,-11.5189,-75.8994,283.65,72,83,3.18,PE,2023-11-10
315,roccella ionica,38.322,16.4009,290.17,78,76,3.79,IT,2023-11-10
316,sisimiut,66.9395,-53.6735,267.39,83,93,5.39,GL,2023-11-10
317,palikir - national government center,6.9248,158.1611,304.56,74,100,4.12,FM,2023-11-10
318,nanakuli,21.3906,-158.1547,302.67,54,75,7.2,US,2023-11-10
319,santana,-0.0583,-51.1817,304.25,66,20,7.72,BR,2023-11-10
320,tapes,-30.6733,-51.3958,293.02,81,100,7.37,BR,2023-11-10
321,isabela,6.7085,121.9711,301.18,83,43,1.66,PH,2023-11-10
322,peterhead,57.5058,-1.7981,278.37,77,38,7.53,GB,2023-11-10
323,ryotsu-minato,38.0833,138.4333,280.91,66,92,6.62,JP,2023-11-10
324,pangkalan brandan,4.0238,98.2782,296.85,94,98,1.02,ID,2023-11-10
325,quang ngai,15.1167,108.8,297.16,92,84,1.44,VN,2023-11-10
326,touros,-5.1989,-35.4608,299.15,73,16,7.09,BR,2023-11-10
327,remire-montjoly,4.9167,-52.2667,300.9,81,23,6.91,GF,2023-11-10
328,manaure,11.7751,-72.4445,302.74,72,94,9.94,CO,2023-11-10
329,el granada,37.5027,-122.4694,292.05,38,0,4.12,US,2023-11-10
330,yuzhno-kurilsk,44.0306,145.8556,278.91,88,95,6.97,RU,2023-11-10
331,akureyri,65.6835,-18.0878,267.11,86,0,0.0,IS,2023-11-10
332,ialibu,-6.2821,143.9935,291.19,53,100,2.0,PG,2023-11-10
333,mahina,-17.5065,-149.489,303.02,70,0,6.69,PF,2023-11-10
334,kapuskasing,49.4169,-82.4331,269.15,80,75,3.6,CA,2023-11-10
335,beyneu,45.3167,55.2,280.14,78,14,6.33,KZ,2023-11-10
336,masina,-4.3836,15.3914,296.16,98,100,0.69,CD,2023-11-10
337,portland,45.5234,-122.6762,284.96,80,100,3.09,US,2023-11-10
338,soavinandriana,-19.1667,46.7333,288.37,86,0,0.97,MG,2023-11-10
339,kudahuvadhoo,2.6708,72.8944,300.52,80,72,4.04,MV,2023-11-10
340,taltal,-25.4,-70.4833,293.32,67,22,2.07,CL,2023-11-10
341,las palmas,28.4204,-14.0131,293.59,83,20,7.2,ES,2023-11-10
342,nuuk,64.1835,-51.7216,268.49,68,63,7.2,GL,2023-11-10
343,coronel oviedo,-25.4167,-56.45,301.15,69,35,3.25,PY,2023-11-10
344,wanning,18.8003,110.3967,298.4,92,60,2.08,CN,2023-11-10
345,xai-xai,-25.0519,33.6442,292.34,81,0,3.9,MZ,2023-11-10
346,zhaoyuan,37.3592,120.3964,275.1,93,97,0.87,CN,2023-11-10
347,orsk,51.2049,58.5668,280.4,79,75,4.0,RU,2023-11-10
348,tiksi,71.6872,128.8694,259.68,87,100,10.04,RU,2023-11-10
349,midvagur,62.0511,-7.1939,277.61,81,63,3.6,FO,2023-11-10
350,vorkuta,67.5,64.0,257.74,100,81,1.36,RU,2023-11-10
351,hollymead,38.1171,-78.4417,279.64,88,20,1.54,US,2023-11-10
352,lucapa,-8.4192,20.7447,292.1,92,100,0.86,AO,2023-11-10
353,cromwell,41.5951,-72.6454,278.99,67,0,0.0,US,2023-11-10
354,byron bay,-28.65,153.6167,295.21,75,48,2.86,AU,2023-11-10
355,san antonio de pale,-1.4014,5.6325,299.16,84,99,5.11,GQ,2023-11-10
356,newnham,-41.3833,147.1333,295.64,68,83,8.75,AU,2023-11-10
357,kralendijk,12.15,-68.2667,302.14,79,40,7.72,BQ,2023-11-10
358,hilo,19.7297,-155.09,298.89,80,100,7.2,US,2023-11-10
359,pacasmayo,-7.4006,-79.5714,293.34,77,9,5.79,PE,2023-11-10
360,lompoc,34.6391,-120.4579,293.31,55,0,4.47,US,2023-11-10
361,palmas,-10.2128,-48.3603,304.08,66,20,1.03,BR,2023-11-10
362,meadow lake,34.8014,-106.5436,278.81,68,80,1.88,US,2023-11-10
363,sagua la grande,22.8067,-80.0756,300.7,87,56,5.77,CU,2023-11-10
364,east ballina,-28.8667,153.5833,295.26,75,71,1.69,AU,2023-11-10
365,alice springs,-23.7,133.8833,300.9,39,3,3.09,AU,2023-11-10
366,mikhaylov,54.2292,39.0186,276.51,91,78,3.57,RU,2023-11-10
367,eureka,40.8021,-124.1637,286.75,88,100,2.68,US,2023-11-10
368,viedma,-40.8135,-62.9967,293.8,53,100,13.32,AR,2023-11-10
369,smithers,54.7804,-127.1743,278.33,70,75,7.2,CA,2023-11-10
370,kapa'a,22.0752,-159.319,299.92,78,75,6.17,US,2023-11-10
371,akoupe,6.39,-3.9003,296.6,99,100,1.27,CI,2023-11-10
372,ambon,-3.6954,128.1814,302.33,57,20,1.54,ID,2023-11-10
373,acarau,-2.8856,-40.12,299.63,76,3,8.6,BR,2023-11-10
374,chachapoyas,-6.2317,-77.869,287.96,90,90,1.75,PE,2023-11-10
375,mazagao,-0.115,-51.2894,304.18,73,33,4.11,BR,2023-11-10
376,troy,42.6056,-83.1499,281.43,60,100,3.6,US,2023-11-10
377,carira,-10.3608,-37.7011,295.67,72,1,7.18,BR,2023-11-10
378,broken hill,-31.95,141.4333,303.78,24,42,5.59,AU,2023-11-10
379,lautoka,-17.6167,177.4667,304.07,55,40,7.2,FJ,2023-11-10
380,luganville,-15.5333,167.1667,299.34,83,99,6.61,VU,2023-11-10
381,gwadar,25.1216,62.3254,298.72,36,0,4.69,PK,2023-11-10
382,camana,-16.6228,-72.7111,292.87,89,85,2.96,PE,2023-11-10
383,bechar,31.6167,-2.2167,291.33,34,0,1.54,DZ,2023-11-10
384,oodweyne,9.4092,45.064,295.13,47,100,1.86,SO,2023-11-10
385,melo,-32.3667,-54.1833,290.55,95,100,7.8,UY,2023-11-10
386,pontes e lacerda,-15.2261,-59.3353,303.77,42,84,1.43,BR,2023-11-10
387,ryazanskaya,44.9553,39.5889,277.96,75,24,4.52,RU,2023-11-10
388,laguna,38.421,-121.4238,292.73,36,0,3.6,US,2023-11-10
389,morioka,39.7036,141.1525,280.87,73,54,4.98,JP,2023-11-10
390,bokoro,12.3807,17.0568,302.51,20,71,4.0,TD,2023-11-10
391,lazaro cardenas,17.9583,-102.2,301.45,76,10,1.98,MX,2023-11-10
392,bodaybo,57.8506,114.1933,262.55,96,100,1.02,RU,2023-11-10
393,ashburton,-37.8626,145.0794,290.86,74,54,1.79,AU,2023-11-10
394,sabang,5.8933,95.3214,299.62,83,100,5.68,ID,2023-11-10
395,edirne,41.6772,26.556,285.82,82,85,3.78,TR,2023-11-10
396,alibag,18.6411,72.8792,300.19,76,12,2.38,IN,2023-11-10
397,ujae,8.9322,165.7642,300.12,87,100,6.98,MH,2023-11-10
398,cidreira,-30.1811,-50.2056,292.98,81,99,10.52,BR,2023-11-10
399,charlottetown,46.2352,-63.1267,276.25,80,40,3.13,CA,2023-11-10
400,hasaki,35.7333,140.8333,285.37,62,100,10.79,JP,2023-11-10
401,zhengjiatun,43.5064,123.5064,260.87,91,5,2.54,CN,2023-11-10
402,sinabang,2.4803,96.3801,298.87,83,100,0.49,ID,2023-11-10
403,ojinaga,29.5667,-104.4167,287.68,77,100,4.12,MX,2023-11-10
404,horta,38.5333,-28.6333,292.6,95,100,5.81,PT,2023-11-10
405,san jose del guaviare,2.5729,-72.6459,297.62,95,82,0.61,CO,2023-11-10
406,eirunepe,-6.6603,-69.8736,300.44,73,74,1.28,BR,2023-11-10
407,bam,29.106,58.357,290.37,34,1,1.24,IR,2023-11-10
408,bajil,15.0584,43.2851,299.99,67,58,2.17,YE,2023-11-10
409,pontianak,-0.0333,109.3333,297.03,94,40,1.03,ID,2023-11-10
410,tak bai,6.2595,102.0546,298.14,92,100,1.31,TH,2023-11-10
411,doonside,-33.7667,150.8667,297.91,66,7,0.45,AU,2023-11-10
412,minas de marcona,-15.2119,-75.1103,289.02,83,61,5.82,PE,2023-11-10
413,dawesville,30.9224,-84.0091,296.22,72,75,0.89,US,2023-11-10
414,chemolgan,43.1897,76.5292,270.96,68,0,2.72,KZ,2023-11-10
415,loango,-4.6719,11.8312,298.69,87,98,4.77,CG,2023-11-10
416,sile,41.1754,29.6133,287.35,68,98,0.45,TR,2023-11-10
417,mumford,5.2618,-0.759,299.98,87,96,5.54,GH,2023-11-10
418,elmina,5.0898,-1.348,299.56,88,99,4.58,GH,2023-11-10
419,yanykurgan,43.915,67.2481,281.84,48,98,3.97,KZ,2023-11-10
420,thala,35.5724,8.6703,282.13,60,5,1.65,TN,2023-11-10
421,cozumel,20.5083,-86.9458,302.11,91,75,2.68,MX,2023-11-10
422,edd,13.9297,41.6925,302.45,44,78,6.62,ER,2023-11-10
423,namibe,-15.1961,12.1522,293.28,78,60,1.8,AO,2023-11-10
424,tame,6.461,-71.73,297.8,88,72,1.75,CO,2023-11-10
425,lincoln city,44.9582,-124.0179,284.84,86,100,1.34,US,2023-11-10
426,cabedelo,-6.9811,-34.8339,299.52,71,6,6.06,BR,2023-11-10
427,forster,-32.1667,152.5167,299.42,56,5,6.25,AU,2023-11-10
428,lajas,18.05,-67.0593,299.04,53,100,2.24,PR,2023-11-10
429,tonghae,37.5439,129.1069,280.04,59,97,2.57,KR,2023-11-10
430,poronaysk,49.2167,143.1167,268.45,79,100,8.93,RU,2023-11-10
431,colonia,50.9333,6.95,280.02,91,100,1.54,DE,2023-11-10
432,akrehamn,59.2667,5.1833,278.34,87,100,2.06,NO,2023-11-10
433,shira,54.4911,89.9531,259.99,97,73,1.22,RU,2023-11-10
434,bubaque,11.2833,-15.8333,302.07,54,92,4.44,GW,2023-11-10
435,flin flon,54.7682,-101.865,271.06,86,100,3.09,CA,2023-11-10
436,khandyga,62.6667,135.6,236.93,100,65,0.35,RU,2023-11-10
437,nieuw amsterdam,5.8833,-55.0833,301.31,77,20,1.54,SR,2023-11-10
438,marsh harbour,26.5412,-77.0636,299.37,73,4,5.12,BS,2023-11-10
439,miramichi,47.0043,-65.4654,273.39,90,52,2.22,CA,2023-11-10
440,laizhou,37.1717,119.9214,275.34,98,100,2.13,CN,2023-11-10
441,mountain home,43.133,-115.6912,284.13,39,0,3.09,US,2023-11-10
442,dalandzadgad,43.5708,104.425,262.58,32,0,4.3,MN,2023-11-10
443,hovd,48.0056,91.6419,268.63,93,100,0.78,MN,2023-11-10
444,gobabis,-22.45,18.9667,297.86,30,78,3.69,NA,2023-11-10
445,wolmaransstad,-27.1974,25.9831,296.6,32,2,6.81,ZA,2023-11-10
446,ubari,26.5921,12.7805,294.77,28,0,2.83,LY,2023-11-10
447,loen,7.7601,168.2307,300.04,89,100,6.3,MH,2023-11-10
448,formosa,-26.1775,-58.1781,305.35,70,0,6.69,AR,2023-11-10
449,hastings,50.8552,0.5729,277.73,85,4,5.66,GB,2023-11-10
450,mapastepec,15.4333,-92.9,301.78,83,37,1.3,MX,2023-11-10
451,soroa,22.7939,-83.0078,297.34,88,8,1.72,CU,2023-11-10
452,new river,33.9159,-112.136,295.6,16,30,2.35,US,2023-11-10
453,okhotsk,59.3833,143.3,255.27,84,18,9.22,RU,2023-11-10
454,constitucion,-35.3333,-72.4167,285.65,88,83,5.2,CL,2023-11-10
455,mahur,25.1667,93.1167,287.68,91,5,0.71,IN,2023-11-10
456,tofol,5.3248,163.0078,301.03,83,100,6.69,FM,2023-11-10
457,roussillon,45.373,4.8073,282.0,76,54,0.95,FR,2023-11-10
458,ghadamis,30.1337,9.5007,292.53,44,59,3.58,LY,2023-11-10
459,peniscola,40.3359,0.3613,286.55,60,48,3.77,ES,2023-11-10
460,angel r. cabada,18.5833,-95.4333,299.22,82,37,4.37,MX,2023-11-10
461,adre,13.4667,22.2,296.93,28,70,3.43,TD,2023-11-10
462,plettenberg bay,-34.0527,23.3716,290.09,87,29,4.93,ZA,2023-11-10
463,chonchi,-42.6128,-73.8092,283.77,76,100,5.39,CL,2023-11-10
464,opuwo,-18.0607,13.84,295.59,37,25,1.93,NA,2023-11-10
465,kavarna,43.4333,28.3333,286.79,95,100,5.71,BG,2023-11-10
466,luau,-10.7073,22.2247,291.63,86,98,1.01,AO,2023-11-10
467,sur,22.5667,59.5289,298.54,66,2,2.5,OM,2023-11-10
468,chibougamau,49.9168,-74.3659,267.94,93,100,3.6,CA,2023-11-10
469,ylitornio,66.3089,23.6773,258.31,93,32,2.08,FI,2023-11-10
470,timbuktu,16.7735,-3.0074,300.15,16,49,4.1,ML,2023-11-10
471,pankrushikha,53.8319,80.3406,273.19,96,81,3.25,RU,2023-11-10
472,vallenar,-28.5708,-70.7581,295.97,33,0,3.56,CL,2023-11-10
473,mosjoen,65.836,13.1908,265.44,93,18,0.51,NO,2023-11-10
474,mawlamyinegyunn,16.3833,95.2667,296.82,95,98,2.46,MM,2023-11-10
475,novyy urgal,51.0736,132.5642,257.98,95,47,0.66,RU,2023-11-10
476,cedeira,43.6797,-8.0209,289.24,45,100,10.97,ES,2023-11-10
477,dakhla,23.6848,-15.958,293.3,85,5,8.02,EH,2023-11-10
478,kourou,5.1552,-52.6478,300.25,82,14,4.85,GF,2023-11-10
479,miles city,46.4083,-105.8406,280.69,45,0,2.57,US,2023-11-10
480,kayyerkan,69.3786,87.7439,266.65,100,100,9.18,RU,2023-11-10
481,port hueneme,34.1478,-119.1951,294.19,48,0,5.66,US,2023-11-10
482,smirnykh,49.75,142.8333,267.07,83,100,5.09,RU,2023-11-10
483,murzuq,25.9155,13.9184,294.35,29,0,3.87,LY,2023-11-10
484,changyon,38.2508,125.0961,274.7,61,100,5.77,KP,2023-11-10
485,egilsstadir,65.2653,-14.3948,268.1,93,0,2.57,IS,2023-11-10
486,antofagasta,-23.65,-70.4,291.75,64,56,3.11,CL,2023-11-10
487,argo,37.6333,22.7333,287.47,85,75,1.37,GR,2023-11-10
488,lagunillas,10.1301,-71.2595,301.57,82,81,2.54,VE,2023-11-10
489,plesetsk,62.708,40.2916,275.27,98,100,3.59,RU,2023-11-10
490,kolonia town,6.964,158.206,305.15,74,100,4.12,FM,2023-11-10
491,ipubi,-7.6519,-40.1489,300.69,23,0,1.77,BR,2023-11-10
492,vilyuysk,63.7553,121.6247,250.65,100,100,1.34,RU,2023-11-10
493,hanceville,34.0607,-86.7675,287.68,65,99,4.26,US,2023-11-10
494,roma,43.2128,-75.4557,279.72,63,72,2.65,US,2023-11-10
495,mizdah,31.4451,12.9801,291.06,31,14,0.51,LY,2023-11-10
496,dabhol,17.6,73.1667,297.16,82,76,1.89,IN,2023-11-10
497,shijiazhuang,38.0414,114.4786,270.07,76,27,0.59,CN,2023-11-10
498,uliastay,47.7417,96.8444,255.41,82,7,2.78,MN,2023-11-10
499,uruacu,-14.5247,-49.1408,303.88,28,52,0.88,BR,2023-11-10
500,lipsko,51.3396,12.3713,278.41,84,0,3.6,DE,2023-11-10
501,meulaboh,4.1363,96.1285,297.26,90,100,1.02,ID,2023-11-10
502,naze,28.3667,129.4833,293.66,71,99,5.24,JP,2023-11-10
503,garcia,25.8167,-100.5833,287.74,64,100,3.12,MX,2023-11-10
504,vila velha,-20.3297,-40.2925,298.68,89,0,4.12,BR,2023-11-10
505,outjo,-20.1167,16.15,296.33,31,89,4.03,NA,2023-11-10
506,san julian,21.0167,-102.1667,296.36,42,98,3.59,MX,2023-11-10
507,belyy yar,53.6039,91.3903,256.09,85,100,1.0,RU,2023-11-10
508,akdepe,42.0551,59.3788,282.2,78,100,8.89,TM,2023-11-10
509,tumayr,25.7039,45.868,293.82,34,100,2.45,SA,2023-11-10
510,keflavik,64.0049,-22.5624,276.39,87,75,5.14,IS,2023-11-10
511,vadso,70.0744,29.7487,271.24,86,40,5.66,NO,2023-11-10
512,khanty-mansiysk,61.0042,69.0019,271.21,100,75,2.0,RU,2023-11-10
513,choibalsan,48.0667,114.5,255.08,86,25,4.47,MN,2023-11-10
514,laojunmiao,39.8333,97.7333,267.43,41,0,3.1,CN,2023-11-10
515,melfi,40.9965,15.6514,283.98,83,74,5.64,IT,2023-11-10
516,kuta,-8.7233,115.1723,299.82,83,20,3.13,ID,2023-11-10
517,alofi,-19.0595,-169.9187,301.09,78,100,1.54,NU,2023-11-10
518,dijkot,31.2167,72.9833,290.11,79,0,2.04,PK,2023-11-10
519,burabay,53.0838,70.3138,274.62,89,28,2.84,KZ,2023-11-10
520,broome,42.2506,-75.833,280.48,69,95,0.89,US,2023-11-10
521,mpika,-11.8343,31.4529,291.55,81,100,3.38,ZM,2023-11-10
522,novyy urengoy,66.0833,76.6333,266.81,94,88,3.02,RU,2023-11-10
523,cuatro cienegas de carranza,26.9833,-102.0833,286.4,87,99,2.73,MX,2023-11-10
524,plastun,44.7561,136.2939,267.35,54,1,5.68,RU,2023-11-10
525,agios nikolaos,35.1914,25.7133,294.13,80,4,3.47,GR,2023-11-10
526,porto novo,6.4965,2.6036,301.05,83,100,4.08,BJ,2023-11-10
527,at taj,24.2049,23.2857,293.35,35,100,4.24,LY,2023-11-10
528,rio grande,-32.035,-52.0986,291.45,87,91,9.46,BR,2023-11-10
529,peniche,39.3558,-9.3811,291.25,92,63,4.67,PT,2023-11-10
530,lintong,34.378,109.2089,274.53,84,100,1.74,CN,2023-11-10
531,balod,20.73,81.2047,292.59,65,46,0.7,IN,2023-11-10
532,rikaze,29.25,88.8833,271.48,69,0,1.18,CN,2023-11-10
533,margate,51.3813,1.3862,278.36,86,10,2.68,GB,2023-11-10
534,yerofey pavlovich,53.9667,121.9667,261.49,71,100,1.51,RU,2023-11-10
535,ulundi,-28.3352,31.4162,290.18,97,4,1.83,ZA,2023-11-10
536,amos,48.5669,-78.1162,269.44,93,100,3.39,CA,2023-11-10
537,lhasa,29.65,91.1,274.05,71,28,1.5,CN,2023-11-10
538,taksimo,56.3444,114.8794,260.36,82,93,1.79,RU,2023-11-10
539,tolanaro,-25.0319,46.9987,292.19,82,40,3.09,MG,2023-11-10
540,prince george,53.9166,-122.753,280.36,54,100,9.77,CA,2023-11-10
541,daru,-9.0763,143.2092,300.55,67,51,4.44,PG,2023-11-10
542,celestun,20.8667,-90.4,300.0,77,81,6.83,MX,2023-11-10
